index|LATITUDE|LONGITUDE|name
0|0|47.8663|-121.7175|STARTUP 1 E, WA US
1|2|48.6116|-122.8063|OLGA 2 SE, WA US
2|4|48.7272|-121.0722|ROSS DAM, WA US
3|6|47.2325|-117.3626|ROSALIA, WA US
4|8|48.36|-119.08|MOSES MOUNTAIN, WA US
5|10|47.54|-121.09|FISH LAKE, WA US
6|12|46.2014|-119.758|PROSSER, WA US
7|13|48.44028|-122.38667|MOUNT VERNON 3 WNW, WA US
8|15|47.1175|-118.3714|RITZVILLE 1 SSE, WA US
9|17|48.5472|-117.9019|COLVILLE, WA US
10|19|47.768|-118.7239|WILBUR, WA US
11|21|47.2235|-119.8524|QUINCY 1 S, WA US
12|23|46.78|-121.75|PARADISE, WA US
13|25|46.8167|-117.883|LACROSSE, WA US
14|27|47.18899999999999|-120.913|CLE ELUM, WA US
15|29|46.8367|-119.6633|SMYRNA, WA US
16|31|47.28|-120.49|GROUSE CAMP, WA US
17|33|47.5586|-120.675|LEAVENWORTH 3 S, WA US
18|35|45.9547|-122.5638|MERWIN DAM, WA US
19|37|48.7141|-121.14299999999999|DIABLO DAM, WA US
20|38|46.3152|-118.0022|DAYTON 1 WSW, WA US
21|40|47.23|-120.29|TROUGH, WA US
22|42|45.9997|-121.5403|MOUNT ADAMS RANGER STATION, WA US
23|44|46.3725|-123.75299999999999|NASELLE 2 ENE, WA US
24|46|47.99|-120.57|POPE RIDGE, WA US
25|48|48.1138|-123.4316|PORT ANGELES, WA US
26|50|46.36|-121.08|LOST HORSE, WA US
27|52|47.88|-117.09|QUARTZ PEAK, WA US
28|54|46.09|-121.76|SURPRISE LAKES, WA US
29|56|48.72|-120.66|HARTS PASS, WA US
30|58|47.68|-121.61|SKOOKUM CREEK, WA US
31|60|47.0022|-118.5657|LIND 3 NE, WA US
32|62|48.647|-118.7314|REPUBLIC, WA US
33|64|46.27|-121.96|LONE PINE, WA US
34|66|45.8081|-120.8428|GOLDENDALE, WA US
35|67|46.35|-121.51|POTATO HILL, WA US
36|69|47.3|-121.6|REX RIVER, WA US
37|71|46.81|-121.33|BUMPING RIDGE, WA US
38|73|47.8452|-121.9944|MONROE, WA US
39|74|47.0933|-117.5878|SAINT JOHN, WA US
40|76|47.5688|-122.6827|BREMERTON, WA US
41|77|46.4672|-117.5883|POMEROY, WA US
42|78|47.6812|-117.6267|SPOKANE WEATHER FORECAST OFFICE, WA US
43|80|47.3058|-121.8513|PALMER 3 ESE, WA US
44|82|46.0436|-118.4628|WHITMAN MISSION, WA US
45|84|46.18|-121.93|SPENCER MEADOW, WA US
46|86|47.1455|-123.4005|MATLOCK 8 S, WA US
47|88|45.8677|-121.9733|CARSON FISH HATCHERY, WA US
48|90|45.6194|-121.1661|DALLESPORT AIRPORT, WA US
49|92|47.6575|-118.1615|DAVENPORT, WA US
50|93|47.8091|-122.9136|QUILCENE 2 SW, WA US
51|95|46.26|-122.18|SPIRIT LAKE, WA US
52|97|47.78|-121.7|ALPINE MEADOWS, WA US
53|99|48.2733|-117.7409|CHEWELAH, WA US
54|101|48.1156|-120.1031|DOUGLAS INGRAM RIDGE WASHINGTO, WA US
55|103|46.72|-122.9527|CENTRALIA, WA US
56|104|46.3119|-119.2633|RICHLAND, WA US
57|106|46.5667|-121.6306|HAGER CREEK WASHINGTON, WA US
58|107|46.3872|-123.5602|GRAYS RIVER HATCHERY, WA US
59|109|47.27|-121.34|STAMPEDE PASS, WA US
60|111|48.522220000000004|-123.02306000000002|FRIDAY HARBOR AIRPORT, WA US
61|112|46.9733|-122.9033|OLYMPIA AIRPORT, WA US
62|114|48.1806|-118.4636|GOLD MOUNTAIN WASHINGTON, WA US
63|115|48.2975|-117.4039|FLOWERY TRAIL WASHINGTON, WA US
64|116|47.9558|-124.3539|FORKS 1 E, WA US
65|118|46.20399999999999|-117.2472|ASOTIN 14 SW, WA US
66|120|46.8008|-124.0863|GRAYLAND, WA US
67|122|47.3329|-118.6967|ODESSA, WA US
68|124|47.28|-121.47|MEADOWS PASS, WA US
69|126|48.5119|-122.6136|ANACORTES, WA US
70|128|47.75|-121.09|STEVENS PASS, WA US
71|130|46.55|-121.17|GREEN LAKE, WA US
72|132|47.02|-121.46|CORRAL PASS, WA US
73|134|47.3705|-123.16|CUSHMAN POWERHOUSE NUMBER 2, WA US
74|136|48.9775|-122.7927|BLAINE, WA US
75|138|46.35|-123.1|ABERNATHY MOUNTAIN WASHINGTON, WA US
76|139|46.1505|-122.9163|LONGVIEW, WA US
77|140|48.9946|-117.3544|BOUNDARY DAM, WA US
78|142|48.2|-120.92|LYMAN LAKE, WA US
79|144|46.62972|-123.21056000000002|DOTY 3 E, WA US
80|146|46.3236|-120.0103|SUNNYSIDE, WA US
81|147|47.5711|-124.2922|CLEARWATER, WA US
82|149|46.7491|-121.8119|LONGMIRE RAINIER NPS, WA US
83|151|46.6091|-121.6744|PACKWOOD, WA US
84|153|46.12|-117.85|TOUCHET, WA US
85|155|46.62|-121.39|PIGTAIL PEAK, WA US
86|157|45.62083|-122.65722|VANCOUVER PEARSON AIRPORT, WA US
87|158|46.0163|-122.7325|KALAMA FALLS HATCHERY, WA US
88|160|48.9797|-117.6747|CEDAR CREEK WASHINGTON, WA US
89|162|48.66|-119.84|SALMON MEADOWS, WA US
90|164|46.7225|-118.6524|HATTON 9 SE, WA US
91|166|48.44|-120.92|PARK CREEK RIDGE, WA US
92|168|48.6758|-121.2419|NEWHALEM, WA US
93|170|48.9672|-122.3291|CLEARBROOK, WA US
94|172|48.1843|-117.0476|NEWPORT, WA US
95|174|48.35|-122.66667|WHIDBEY ISLAND NAS, WA US
96|176|46.83333|-123.23333000000001|OAKVILLE, WA US
97|177|45.9481|-120.6669|SATUS PASS 2 SSW, WA US
98|178|47.9375|-124.555|QUILLAYUTE STATE AIRPORT, WA US
99|180|47.29|-120.37|UPPER WHEELER, WA US
100|182|47.37|-121.44|OLALLIE MEADOWS, WA US
101|184|48.5353|-118.6889|BROWN MOUNTAIN ORCHARD WASHINGTON, WA US
102|186|46.3675|-124.0377|LONG BEACH EXPERIMENT STATION, WA US
103|188|47.1694|-122.0036|BUCKLEY 1 NE, WA US
104|190|47.8344|-120.0005|CHELAN, WA US
105|192|47.4144|-121.7561|CEDAR LAKE, WA US
106|194|48.4609|-119.5168|OMAK, WA US
107|195|45.622|-122.2178|SKAMANIA FISH HATCHERY, WA US
108|197|47.3977|-120.2013|WENATCHEE PANGBORN AIRPORT, WA US
109|199|47.6983|-120.3228|ENTIAT FISH HATCHERY, WA US
110|201|48.6172|-120.1075|FIRST BUTTE WASHINGTON, WA US
111|203|47.28|-121.67|COUGAR MOUNTAIN, WA US
112|205|47.428999999999995|-120.31|WENATCHEE, WA US
113|207|47.3078|-119.5154|EPHRATA MUNICIPAL AIRPORT, WA US
114|209|48.8019|-117.6103|DEER MOUNTAIN WASHINGTON, WA US
115|210|48.69|-117.18|BUNCHGRASS MDW, WA US
116|212|48.2005|-122.12799999999999|ARLINGTON, WA US
117|213|47.1413|-121.9355|MUD MOUNTAIN DAM, WA US
118|215|48.8742|-117.8668|NORTHPORT, WA US
119|217|46.6533|-123.73|RAYMOND 2 S, WA US
120|219|46.9727|-123.9302|HOQUIAM BOWERMAN AIRPORT, WA US
121|221|46.0756|-118.2742|MILL CREEK DAM, WA US
122|223|47.9752|-122.195|EVERETT, WA US
123|225|47.76|-123.03|MOUNT CRAG, WA US
124|227|46.2447|-118.8786|ICE HARBOR DAM, WA US
125|229|47.2613|-123.7147|ABERDEEN 20 NNE, WA US
126|231|47.4444|-122.3138|SEATTLE TACOMA INTERNATIONAL AIRPORT, WA US
127|233|45.6778|-122.65100000000001|VANCOUVER 4 NNE, WA US
128|235|47.36|-121.57|MOUNT GARDNER, WA US
129|237|47.20778|-119.31917|MOSES LAKE GRANT CO AIRPORT, WA US
130|238|49.0|-118.7667|MIDWAY, BC CA
131|240|46.533|-121.9327|RANDLE 1 E, WA US
132|241|47.2767|-121.3372|STAMPEDE PASS, WA US
133|242|47.4829|-118.2519|HARRINGTON 1 NW, WA US
134|244|48.0163|-123.5905|ELWHA R S, WA US
135|246|46.19|-122.25|SHEEP CANYON, WA US
136|248|46.9658|-123.8291|ABERDEEN, WA US
137|250|46.5086|-118.7878|CONNELL 12 SE, WA US
138|252|46.66444|-118.88278000000001|CONNELL 1 W, WA US
139|254|45.7716|-122.5286|BATTLE GROUND, WA US
140|256|48.6007|-120.4276|MAZAMA, WA US
141|258|46.3992|-119.1561|ELTOPIA 8 WSW, WA US
142|260|47.4172|-122.2433|KENT, WA US
143|262|45.9167|-122.1667|CANYON CREEK WASHINGTON, WA US
144|263|46.5683|-120.5428|YAKIMA AIRPORT, WA US
145|265|48.780559999999994|-119.42416999999999|TONASKET 4 NNE, WA US
146|267|46.48333|-122.81667|TOLEDO AIRPORT, WA US
147|268|47.8964|-117.9933|WELLPINIT, WA US
148|269|47.33|-121.47|TINKHAM CREEK, WA US
149|271|47.7333|-120.5333|DRY CREEK WASHINGTON, WA US
150|272|46.22528|-123.32888999999999|CATHLAMET 6 NE, WA US
151|274|46.78861|-119.04611000000001|OTHELLO 6 ESE, WA US
152|275|46.2111|-119.1011|KENNEWICK, WA US
153|276|48.085|-123.0638|SEQUIM 2 E, WA US
154|278|47.0091|-123.4008|ELMA, WA US
155|280|47.38|-121.06|SASSE RIDGE, WA US
156|282|46.0089|-121.2634|GLENWOOD NUMBER 2, WA US
157|284|46.15|-122.15|JUNE LAKE, WA US
158|286|48.7177|-122.5113|BELLINGHAM 3 SSW, WA US
159|288|48.5397|-121.7422|CONCRETE PPL FISH STATION, WA US
160|289|46.518609999999995|-122.13833000000001|GLENOMA, WA US
161|291|47.35|-120.68|BLEWETT PASS, WA US
162|293|46.91|-121.48|MORSE LAKE, WA US
163|295|47.5413|-121.8361|SNOQUALMIE FALLS, WA US
164|297|48.1989|-120.7735|HOLDEN VILLAGE, WA US
165|298|47.07|-121.59|HUCKLEBERRY CREEK, WA US
166|299|46.5044|-122.5938|MAYFIELD POWER PLANT, WA US
167|301|45.94056|-119.29778|MCNARY DAM, WA US
168|303|48.53|-120.99|THUNDER BASIN, WA US
169|305|47.7722|-121.4819|BARING, WA US
170|306|48.0333|-123.3333|VICTORIA GONZALES CS, BC CA
171|308|45.8091|-121.2812|APPLETON, WA US
172|310|47.1358|-122.2558|MCMILLIN RESERVOIR, WA US
173|312|48.1161|-122.7586|PORT TOWNSEND, WA US
174|314|46.64|-121.38|WHITE PASS E.S., WA US
175|316|48.2072|-122.6913|COUPEVILLE 1 S, WA US
176|318|48.3509|-120.7264|STEHEKIN 4 NW, WA US
177|319|48.69|-121.91|ELBOW LAKE, WA US
178|321|47.3725|-122.7027|WAUNA 3 W, WA US
179|323|47.6216|-117.52799999999999|SPOKANE INTERNATIONAL AIRPORT, WA US
180|325|47.62|-119.8983|DOUGLAS WASHINGTON, WA US
181|327|47.9522|-122.7908|CHIMACUM 4 S, WA US
182|329|46.9692|-120.54|ELLENSBURG, WA US
183|331|46.7602|-117.1861|PULLMAN 2 NW, WA US
184|332|48.4743|-120.1887|WINTHROP 1 WSW, WA US
185|334|48.87|-121.79|WELLS CREEK, WA US
186|336|47.6497|-120.0801|WATERVILLE, WA US
187|337|47.65|-122.3|SEATTLE PORTAGE BAY, WA US
188|338|48.52|-120.74|RAINY PASS, WA US
189|340|48.2|-120.96|MINERS RIDGE, WA US
190|341|47.9545|-118.9997|COULEE DAM 1 SW, WA US
191|342|46.4353|-120.4203|WAPATO, WA US
192|343|48.4958|-122.2355|SEDRO WOOLLEY, WA US
193|344|47.2336|-123.9897|HUMPTULIPS SALMON HATCHERY, WA US
194|345|47.7849|-120.6455|PLAIN, WA US
195|347|46.7858|-121.7425|RAINIER PARADISE RNG, WA US
196|348|48.6524|-121.693|UPPER BAKER DAM, WA US
197|349|46.0625|-122.2044|COUGAR 6 E, WA US
198|351|48.1074|-120.0078|METHOW 2 S, WA US
199|353|47.9967|-119.6482|CHIEF JOSEPH DAM, WA US
200|355|46.5053|-120.1677|MOXEE CITY 10 E, WA US
201|356|46.7322|-121.5727|RAINER OHANAPECOSH, WA US
202|361|47.2472|-122.4122|TACOMA NUMBER 1, WA US
203|369|46.2506|-119.3243|RICHLAND 3.4 SSW, WA US
204|371|46.6585|-120.7423|COWICHE 1.6 WSW, WA US
205|372|46.5367|-120.7134|YAKIMA 9.6 WSW, WA US
206|373|45.9|-122.22|CALAMITY, WA US
207|375|46.287|-119.305|RICHLAND 0.8 SW, WA US
208|377|45.699|-122.6506|VANCOUVER 4.2 NNE, WA US
209|378|45.9981|-120.3006|BICKLETON, WA US
210|379|46.6093|-120.5751|YAKIMA 2.5 WNW, WA US
211|380|45.6297|-122.3698|WASHOUGAL 3.7 NNW, WA US
212|384|45.5845|-122.374|CAMAS 2.4 E, WA US
213|386|46.5265|-124.051|OCEAN PARK 2.2 N, WA US
214|387|47.2867|-122.5025|TACOMA 3.1 NW, WA US
215|390|48.86|-121.44|EASY PASS, WA US
216|392|47.1739|-122.5978|STEILACOOM 0.4 NW, WA US
217|396|47.211000000000006|-122.256|EDGEWOOD 2.5 SE, WA US
218|399|48.26|-121.6036|DARRINGTON RANGER STATION, WA US
219|404|47.5139|-123.81200000000001|QUINAULT 4 NE, WA US
220|406|48.464444|-119.516944|OMAK, WA US
221|408|46.4428|-117.5701|POMEROY 2.5 SSE, WA US
222|415|46.5802|-120.538|YAKIMA 1.0 SSW, WA US
223|421|48.86|-118.4|SENTINEL BUTTE, WA US
224|429|47.4332|-122.1704|RENTON 3.6 SSE, WA US
225|431|47.9214|-118.9409|GRAND COULEE 3.2 ESE, WA US
226|432|47.1556|-121.6114|GREENWATER WASHINGTON, WA US
227|433|47.8657|-118.1473|DAVENPORT 14.8 N, WA US
228|442|47.2422|-121.1869|EASTON, WA US
229|443|48.76|-121.7|MARTEN RIDGE, WA US
230|447|47.798|-120.4014|ENTIAT 12.2 NW, WA US
231|451|46.2099|-119.2816|KENNEWICK 5.3 W, WA US
232|452|47.6924|-122.29799999999999|SHERIDAN BEACH 3.7 S, WA US
233|455|47.4174|-117.5264|SPOKANE 17 SSW, WA US
234|459|46.3522|-122.6058|ELK ROCK WASHINGTON, WA US
235|463|48.1578|-124.315|ELLIS MOUNT WASHINGTION, WA US
236|479|47.3178|-122.5767|GIG HARBOR 0.9 SE, WA US
237|491|47.6933|-121.9122|CARNATION 3.3 N, WA US
238|493|45.8819|-120.8365|GOLDENDALE 4.2 NNW, WA US
239|495|46.24|-117.39|SOURDOUGH GULCH, WA US
240|497|46.32|-121.94|PINTO ROCK, WA US
241|499|45.7317|-121.4981|WHITE SALMON 0.7 WNW, WA US
242|502|47.4669|-121.6806|NORTH BEND 5.4 ESE, WA US
243|504|48.8009|-122.7075|FERNDALE 6.5 WSW, WA US
244|507|48.793890000000005|-122.53721999999999|BELLINGHAM INTERNATIONAL AIRPORT, WA US
245|509|48.8576|-117.3738|METALINE FALLS 0.4 SSW, WA US
246|511|48.7158|-122.499|BELLINGHAM 2.4 SW, WA US
247|528|47.4325|-122.574|OLALLA 1.4 WNW, WA US
248|529|47.8988|-122.5711|HANSVILLE 1 SW, WA US
249|531|47.907779999999995|-122.28028|EVERETT SNOHOMISH CO AIRPORT, WA US
250|535|47.03389|-120.53028|ELLENSBURG BOWERS FIELD, WA US
251|537|47.2675|-122.57611000000001|TACOMA NARROWS AIRPORT, WA US
252|539|46.64|-121.83|SKATE CREEK, WA US
253|541|48.88|-121.26|BEAVER PASS, WA US
254|549|46.4122|-117.8548|DAYTON 8.7 NE, WA US
255|550|48.0757|-117.1926|ELK 5.6 NE, WA US
256|551|48.2|-121.5|GOLD HILL WASHINGTON, WA US
257|553|47.2899|-123.0434|SHELTON 5.9 NNE, WA US
258|558|47.7446|-122.5097|INDIANOLA 0.7 SSE, WA US
259|560|48.9576|-119.4432|OROVILLE 1.2 NNW, WA US
260|562|48.07|-120.85|TRINITY, WA US
261|566|47.7616|-122.4719|KINGSTON 2.7 SSE, WA US
262|567|47.4089|-122.1801|KENT 2.9 ENE, WA US
263|568|47.5857|-122.6092|BREMERTON 1.8 NE, WA US
264|570|46.3953|-119.0713|SAGEMOOR, WA US
265|572|47.4689|-121.745|NORTH BEND 2.8 SE, WA US
266|574|47.5859|-122.2509|MERCER ISLAND 1.5 NW, WA US
267|576|46.345|-120.0289|SUNNYSIDE NUMBER 2, WA US
268|578|46.18|-117.54|SPRUCE SPRINGS, WA US
269|597|45.653|-122.5311|ORCHARDS 1.0 SE, WA US
270|599|47.4281|-123.2124|HOODSPORT 3.7 WNW, WA US
271|600|47.8061|-122.6516|POULSBO 1 NW, WA US
272|606|48.5568|-123.0792|FRIDAY HARBOR 2.6 WNW, WA US
273|611|47.68306|-117.32139|SPOKANE FELTS FIELD, WA US
274|621|47.4352|-120.2891|EAST WENATCHEE 1.2 N, WA US
275|623|47.6872|-122.2553|SEATTLE SAND POINT WEATHER FORECAST OFFICE, WA US
276|625|48.8689|-122.6245|FERNDALE 2.1 NW, WA US
277|628|46.16|-122.18|SWIFT CREEK, WA US
278|631|45.6686|-122.6862|VANCOUVER 2.1 NW, WA US
279|635|48.93|-121.2|BROWN TOP, WA US
280|637|45.7541|-122.4595|BRUSH PRAIRIE 4.7 ENE, WA US
281|641|48.4845|-122.9023|LOPEZ ISLAND 1.2 SW, WA US
282|642|46.93|-121.95|MOWICH, WA US
283|646|47.87|-123.08|DUNGENESS, WA US
284|652|47.16|-121.42|SAWMILL RIDGE, WA US
285|654|48.0758|-123.3119|PORT ANGELES 10.5 SE, WA US
286|655|48.0862|-122.87899999999999|PORT TOWNSEND 5.2 WSW, WA US
287|656|48.59|-119.87|MUCKAMUCK, WA US
288|660|45.99|-120.68|SATUS PASS, WA US
289|662|46.8565|-122.5793|YELM 6.3 S, WA US
290|664|48.1239|-122.8268|PORT TOWNSEND 2.2 W, WA US
291|666|47.3963|-120.28|EAST WENATCHEE 1.5 SSE, WA US
292|668|48.0753|-122.4763|LANGLEY 4.1 NW, WA US
293|670|48.57|-120.78|SWAMP CREEK, WA US
294|672|48.586000000000006|-122.329|BURLINGTON 8.1 N, WA US
295|673|48.537|-121.79700000000001|CONCRETE 2.2 W, WA US
296|684|47.94|-123.43|WATERHOLE, WA US
297|686|47.97417|-117.42833|DEER PARK AIRPORT, WA US
298|692|47.6976|-121.916|CARNATION 3.6 N, WA US
299|693|48.8612|-122.1408|DEMING 4.2 NE, WA US
300|697|48.098|-123.42|PORT ANGELES 6.7 SSE, WA US
301|699|48.7055|-122.435|BELLINGHAM 3.0 SSE, WA US
302|704|45.99|-120.81|INDIAN ROCK, WA US
303|706|48.4076|-122.3463|MOUNT VERNON 1.8 SW, WA US
304|707|48.0665|-123.0832|SEQUIM 1.3 SE, WA US
305|710|48.5816|-122.2358|SEDRO WOOLLEY 5.1 N, WA US
306|711|48.2198|-122.6859|COUPEVILLE 0.5 WNW, WA US
307|721|47.0235|-122.8918|OLYMPIA 1.3 S, WA US
308|725|48.0961|-122.5829|GREENBANK 0.5 WSW, WA US
309|726|47.238|-123.1408|SHELTON SANDERSON FIELD, WA US
310|730|47.71|-123.46|BUCKINGHORSE, WA US
311|734|47.7856|-122.67299999999999|POULSBO 3.7 NNW, WA US
312|737|47.9755|-122.7484|CHIMACUM 2.6 SSE, WA US
313|744|46.1|-121.96|PEPPER CREEK, WA US
314|748|48.7176|-118.2049|KETTLE FALLS 10.2 NW, WA US
315|750|48.0406|-122.7774|HADLOCK IRONDALE 0.6 SSW, WA US
316|751|48.12028|-123.49833000000001|PORT ANGELES FAIRCHILD INTERNATIONAL AIRPORT, WA US
317|754|48.82|-121.93|MF NOOKSACK, WA US
318|756|48.9368|-122.4684|LYNDEN 1.0 SW, WA US
319|757|47.53028|-122.30083|SEATTLE BOEING FIELD, WA US
320|765|48.0268|-122.4874|FREELAND 2.5 ENE, WA US
321|766|46.9889|-124.1559|OCEAN SHORES 1.2 N, WA US
322|771|46.3075|-122.9047|CASTLE ROCK WASHINGTON, WA US
323|773|48.95|-118.99|GOLD AXE CAMP, WA US
324|775|46.9721|-123.8407|ABERDEEN 1.6 WSW, WA US
325|776|48.7978|-119.26|TONASKET 11 NE, WA US
326|783|45.8176|-121.3533|SNOWDEN, WA US
327|786|46.87|-121.53|CAYUSE PASS, WA US
328|788|48.98|-121.08|HOZOMEEN CAMP, WA US
329|790|48.1355|-122.8008|PORT TOWNSEND 1.4 NW, WA US
330|791|48.0181|-120.2342|CAMP 4 WASHINGTON, WA US
331|793|47.8983|-122.8237|QUILCENE 5.8 NNE, WA US
332|795|45.9967|-122.3988|YACOLT 9.0 N, WA US
333|796|48.0375|-123.3309|PORT ANGELES 12.2 SSE, WA US
334|798|48.1171|-122.7685|PORT TOWNSEND 0.6 SE, WA US
335|800|47.9328|-122.686|PORT LUDLOW 0.5 NNW, WA US
336|801|48.0601|-123.5059|PORT ANGELES 9.3 SSW, WA US
337|802|48.6192|-122.3429|BELLINGHAM 10.3 SSE, WA US
338|805|48.5652|-123.16|FRIDAY HARBOR 6.2 WNW, WA US
339|807|48.6079|-122.9466|ORCAS 0.7 NNW, WA US
340|809|47.49333|-122.21444|RENTON MUNICIPAL AIRPORT, WA US
341|811|46.8658|-117.0899|PALOUSE 3.2 SSW, WA US
342|815|46.74389|-117.10861000000001|PULLMAN MOSCOW REGIONAL AIRPORT, WA US
343|817|47.7669|-122.5192|INDIANOLA 0.9 NNW, WA US
344|819|46.6103|-122.6903|ONALASKA 2.8 NE, WA US
345|824|46.2733|-117.495|ALDER RIDGE WASHINGTON, WA US
346|826|47.04|-121.94|BURNT MOUNTAIN, WA US
347|830|47.3638|-120.2284|MALAGA 1.5 WSW, WA US
348|832|45.9444|-121.9864|DRY CREEK SKAMANIA WASHINGTO, WA US
349|836|47.9167|-123.1172|COUGAR MOUNTAIN WASHINGTON, WA US
350|842|47.7|-121.6908|TOLT SOUTH FORK RESERVOIR, WA US
351|852|47.3709|-120.2074|MALAGA 0.4 WSW, WA US
352|856|46.9736|-124.1406|OCEAN SHORES 0.6 ENE, WA US
353|859|47.0378|-117.9472|ESCURE WASHINGTON, WA US
354|861|46.9583|-124.1477|OCEAN SHORES 0.9 SSE, WA US
355|865|47.2|-121.78|LYNN LAKE, WA US
356|869|47.8376|-122.1963|BOTHELL 5.4 N, WA US
357|870|46.8814|-119.3242|COLUMBIA NWR WASHINGTON, WA US
358|880|46.6722|-120.4994|SELAH 2 NE, WA US
359|882|48.8897|-121.9476|GLACIER 0.1 SW, WA US
360|885|47.4136|-124.1031|BLACK KNOB WASHINGTON, WA US
361|887|48.0891|-123.5448|PORT ANGELES 8.1 SSW, WA US
362|889|48.5046|-122.6503|ANACORTES 1.3 NW, WA US
363|890|48.5405|-121.446|DARRINGTON 21 NNE, WA US
364|892|47.4752|-122.2019|RENTON 0.5 SSW, WA US
365|900|48.4277|-122.3886|MOUNT VERNON 3.4 W, WA US
366|902|47.9636|-122.0984|WEST LAKE STEVENS 2.1 S, WA US
367|905|47.3766|-121.9613|LANDSBURG, WA US
368|909|47.4536|-121.6658|FIRE TRAINING ACADEMY WASHINGT, WA US
369|911|47.0263|-122.8506|OLYMPIA 2.3 ESE, WA US
370|912|47.9461|-117.2509|CHATTAROY 6.3 NE, WA US
371|918|47.9752|-117.6061|CLAYTON 2.6 SW, WA US
372|921|48.082|-123.4673|PORT ANGELES 2.5 SSW, WA US
373|923|46.26667|-119.11667|PASCO TRI CITIES AIRPORT, WA US
374|925|46.09472|-118.28693999999999|WALLA WALLA REGIONAL AIRPORT, WA US
375|927|47.3308|-122.2673|LAKELAND NORTH 0.5 ENE, WA US
376|929|46.3194|-120.0369|SUNNYSIDE 1.2 W, WA US
377|933|47.2643|-122.0666|AUBURN 8.2 SE, WA US
378|934|46.6118|-120.6867|FRUITVALE 6.9 W, WA US
379|935|48.505|-121.48|ROCKPORT 6.5 E, WA US
380|942|48.19|-118.46|GOLD MOUNTAIN, WA US
381|946|47.5981|-117.3629|SPOKANE 5.7 SSE, WA US
382|951|47.1307|-122.823|OLYMPIA 7.0 NNE, WA US
383|965|46.2084|-119.1658|KENNEWICK 0.4 NNE, WA US
384|966|47.6046|-122.1931|BELLEVUE 1.8 W, WA US
385|968|46.5631|-119.60600000000001|RICHLAND 23.9 NW, WA US
386|976|47.7274|-122.1021|REDMOND 3.7 N, WA US
387|979|45.6562|-122.6399|VANCOUVER 1.9 NE, WA US
388|986|46.2009|-119.7616|PROSSER 0.4 SSE, WA US
389|996|46.4901|-124.0403|OCEAN PARK 0.4 SSE, WA US
390|1012|47.5432|-122.381|SEATTLE 5.6 SSW, WA US
391|1027|45.9917|-121.0833|GRAYBACK WASHINGTON, WA US
392|1029|47.7708|-120.6646|LEAVENWORTH 12.4 N, WA US
393|1036|47.5211|-122.1613|NEWPORT HILLS 1.9 SSE, WA US
394|1037|48.7431|-119.6222|AENEAS WASHINGTON, WA US
395|1039|46.646|-119.9061|PRIEST RAPIDS DAM, WA US
396|1050|46.57417|-120.60083|YAKIMA 5 WSW, WA US
397|1068|46.2507|-119.3197|RICHLAND 3.3 SSW, WA US
398|1071|46.6363|-123.2597|DRYAD, WA US
399|1154|46.2834|-117.9549|DAYTON 2.6 SSE, WA US
400|1155|46.11667|-122.89388999999998|KELSO SOUTHWEST REGIONAL AIRPORT, WA US
401|1161|47.1937|-123.0549|SHELTON 2.8 ESE, WA US
402|1162|48.6954|-119.28399999999999|TONASKET 7.0 E, WA US
403|1166|47.3544|-122.7813|GIG HARBOR 9.2 W, WA US
404|1187|47.3129|-122.1117|AUBURN 4.8 ENE, WA US
405|1191|47.633|-122.0308|SAMMAMISH 1.7 NNE, WA US
406|1201|45.7473|-122.5687|BATTLE GROUND 2.7 SSW, WA US
407|1211|45.7034|-122.6106|VANCOUVER 5.3 NE, WA US
408|1212|48.4946|-120.24799999999999|WINTHROP 3.5 WNW, WA US
409|1261|48.0768|-122.8667|PORT TOWNSEND 5.1 SW, WA US
410|1266|48.9277|-122.0545|MAPLE FALLS 1.1 ENE, WA US
411|1271|48.7175|-122.2049|ACME 0.0 NNE, WA US
412|1283|48.4028|-121.7903|FINNEY CREEK WASHINGTON, WA US
413|1326|47.68914|-119.10635|HARTLINE, WA US
414|1344|46.9777|-122.9947|OLYMPIA 6.5 SW, WA US
415|1346|48.7612|-118.6613|REPUBLIC 8.4 NNE, WA US
416|1406|48.2299|-122.4911|CAMANO ISLAND 4.2 NNE, WA US
417|1407|48.0581|-122.5142|FREELAND 3.3 NNE, WA US
418|1408|48.3071|-122.6325|OAK HARBOR 1.1 NNW, WA US
419|1442|48.0279|-122.0773|LAKE STEVENS 0.9 NW, WA US
420|1470|48.5557|-119.7492|CONCONULLY, WA US
421|1520|48.0125|-123.1709|SEQUIM 5.4 SW, WA US
422|1540|47.489|-117.4698|CHENEY 5.1 E, WA US
423|1609|47.6744|-120.2108|ENTIAT WASHINGTON, WA US
424|1622|48.0366|-117.3241|ELK 2.6 WNW, WA US
425|1650|47.6523|-122.4095|SEATTLE 3.5 NW, WA US
426|1660|47.713|-118.9412|ALMIRA 0.2 NNW, WA US
427|1671|47.8101|-118.1101|DAVENPORT 11.1 N, WA US
428|1721|48.181000000000004|-117.1712|NEWPORT 5.5 W, WA US
429|1741|47.7676|-122.3741|SHORELINE 1.7 NW, WA US
430|1847|45.9072|-120.7339|GOLDENDALE 7.1 NE, WA US
431|1876|47.4415|-120.2725|EAST WENATCHEE 1.8 NNE, WA US
432|1895|48.5538|-123.12799999999999|FRIDAY HARBOR 4.6 WNW, WA US
433|1936|48.6903|-122.8837|EASTSOUND 1.0 ESE, WA US
434|1980|48.7094|-118.7214|REPUBLIC 4.2 N, WA US
435|1983|48.1993|-122.1292|ARLINGTON 1.7 NNE, WA US
436|2007|48.6979|-122.9082|EASTSOUND 0.3 NW, WA US
437|2016|48.4566|-122.9645|FRIDAY HARBOR 6.3 SSE, WA US
438|2052|46.0041|-118.4724|LOWDEN 6.5 ESE, WA US
439|2085|47.6914|-122.3619|SEATTLE 5.0 NNW, WA US
440|2101|46.9925|-123.0305|OLYMPIA 7.3 WSW, WA US
441|2120|46.5953|-120.6171|YAKIMA 4.2 W, WA US
442|2121|47.5081|-122.2413|BRYN MAWR SKYWAY 0.9 N, WA US
443|2126|46.3721|-120.1657|GRANGER 2.3 NNE, WA US
444|2760|46.3447|-123.603|GRAYS RIVER 0.9 SSE, WA US
445|2836|46.7611|-119.2181|OTHELLO 4.8 SSW, WA US
446|2869|47.7561|-118.2922|DAVENPORT 9.7 NW, WA US
447|3031|47.9495|-122.2006|EVERETT 1.0 S, WA US
448|3049|47.8741|-122.6722|PORT LUDLOW 3.6 S, WA US
449|3090|47.9371|-122.7702|CHIMACUM 5.1 S, WA US
450|3190|48.0988|-122.5911|GREENBANK 0.8 W, WA US
451|3248|47.5694|-122.1271|BELLEVUE 2.3 SSE, WA US
452|3275|47.346000000000004|-122.322|FEDERAL WAY 2.5 NNE, WA US
453|3283|48.5158|-122.125|SEDRO WOOLLEY 5.1 E, WA US
454|3425|46.9847|-122.8311|INDIAN SUMMER GOLF COURSE, WA US
455|3527|48.8494|-122.3335|BELLINGHAM 9.3 NE, WA US
456|3539|48.9832|-119.6245|OROVILLE 9.2 WNW, WA US
457|3583|45.6063|-122.5104|CASCADE PARK EAST 0.2 ENE, WA US
458|3605|48.7295|-122.4909|BELLINGHAM 1.5 SW, WA US
459|3793|47.4192|-120.3445|WENATCHEE 1.0 WSW, WA US
460|3794|47.4043|-120.3288|WENATCHEE 1.5 S, WA US
461|3807|48.42|-122.6142|ANACORTES 4.9 S, WA US
462|3808|48.1898|-122.3341|STANWOOD 3.7 S, WA US
463|3813|47.6222|-117.3696|SPOKANE 4 SE, WA US
464|3814|47.7447|-117.4861|SPOKANE 6.6 NW, WA US
465|3845|48.0944|-123.228|SEQUIM 5.8 WNW, WA US
466|3875|47.8611|-123.9319|HOH RANGER STATION, WA US
467|3969|45.5971|-122.4186|CAMAS 0.7 NNW, WA US
468|3974|46.0922|-118.2592|WALLA WALLA DOT, WA US
469|3981|46.8321|-119.1562|OTHELLO 1.0 NNE, WA US
470|4005|47.8374|-120.7977|LAKE WENATCHEE, WA US
471|4059|47.2781|-119.7689|QUINCY 4.9 NE, WA US
472|4071|47.2223|-122.9754|SHELTON 6.1 E, WA US
473|4090|47.2274|-117.0836|TEKOA, WA US
474|4107|48.1803|-117.0593|NEWPORT 0.4 W, WA US
475|4127|47.8238|-122.2059|BOTHELL 4.4 N, WA US
476|4162|45.6914|-122.5347|ORCHARDS NORTH 0.7 NW, WA US
477|4165|47.826|-122.1386|CLEARVIEW 0.8 SW, WA US
478|4247|47.0364|-122.8805|OLYMPIA 0.7 ESE, WA US
479|4256|48.0554|-122.7739|PORT TOWNSEND 4.6 S, WA US
480|4382|48.4202|-122.2909|MOUNT VERNON 1.1 E, WA US
481|4413|47.3934|-120.3018|WENATCHEE 2.5 SE, WA US
482|4439|47.0294|-120.5386|ELLENSBURG NUMBER 2, WA US
483|4458|46.1099|-118.0698|WALLA WALLA 13.3 ENE, WA US
484|4488|47.0009|-122.8665|OLYMPIA 3.1 SSE, WA US
485|4535|47.1954|-122.2955|PUYALLUP 1.1 NNW, WA US
486|4575|47.3913|-122.589|GIG HARBOR 4.3 N, WA US
487|4692|47.9156|-122.2496|PAINE FIELD LAKE STICKNEY 2.1, WA US
488|4701|47.4845|-122.1272|RENTON 3.2 E, WA US
489|4744|48.9617|-122.4303|LYNDEN 0.8 ENE, WA US
490|4762|47.8185|-122.1986|BOTHELL 4.1 NNE, WA US
491|4789|47.9641|-122.0572|SNOHOMISH 3.5 NNE, WA US
492|4790|47.0622|-122.8119|OLYMPIA 4.1 ENE, WA US
493|4805|48.0402|-122.7673|PORT HADLOCK 0.7 NW, WA US
494|4823|48.305|-122.67|OAK HARBOR 2.3 WNW, WA US
495|4881|47.0667|-123.9321|HOQUIAM 6.7 NNW, WA US
496|4893|46.7276|-117.1798|PULLMAN 0.9 WSW, WA US
497|4940|47.8907|-117.8525|FORD 2.4 SW, WA US
498|4946|47.4201|-120.32600000000001|WENATCHEE 0.4 S, WA US
499|4951|47.3679|-122.0881|COVINGTON 1.1 NE, WA US
500|5043|47.656000000000006|-117.4299|SPOKANE 1.3 SSW, WA US
501|5088|46.586000000000006|-120.568|YAKIMA NUMBER 2, WA US
502|5557|46.0638|-118.3163|WALLA WALLA CITY, WA US
503|5894|48.7422|-122.4725|BELLINGHAM KVOS, WA US
504|7228|47.088|-122.6675|FORT LEWIS GOLF COURSE, WA US
